Booth No,Exact Name in 2022 PDF (ਪਿੰਡ),Village / Polling Station (Resolved Punjabi),Polling Station Name (English),Jagroop Singh Sekhwan (AAP),Guriqbal Singh Mahal (SAD),Partap Singh Bajwa (INC),Baaki (Others),Total Votes Polled,Leading Candidate,Lead Margin
1,ਜੋਗੇਵਾਲ ਜੱਟਾਂ,ਜੋਗੇਵਾਲ ਜੱਟਾਂ,Jogewal Jattan,98,188,236,15,537,Partap Singh Bajwa (INC),48
2,ਛੋਟੇਪੁਰ,ਛੋਟੇਪੁਰ,Chhotepur,114,311,172,25,622,Guriqbal Singh Mahal (SAD),139
3,ਆਲੋਵਾਲ,ਆਲੋਵਾਲ,Alowal,105,165,176,32,478,Partap Singh Bajwa (INC),11
4,-DO-,ਆਲੋਵਾਲ,Alowal,122,119,178,39,458,Partap Singh Bajwa (INC),56
5,ਕੋਟ ਸੰਤੋਖ ਰਾਏ,ਕੋਟ ਸੰਤੋਖ ਰਾਏ,Kot Santokh Rai,166,251,188,20,625,Guriqbal Singh Mahal (SAD),63
6,-DO-,ਕੋਟ ਸੰਤੋਖ ਰਾਏ,Kot Santokh Rai,245,219,150,32,646,Jagroop Singh Sekhwan (AAP),26
7,ਥੇਹ ਤਿੱਖਾ,ਥੇਹ ਤਿੱਖਾ,Theh Tikha,235,211,178,48,672,Jagroop Singh Sekhwan (AAP),24
8,ਚੱਕ ਦੀਪੇਵਾਲ,ਚੱਕ ਦੀਪੇਵਾਲ,Chak Dipewal,125,147,334,14,620,Partap Singh Bajwa (INC),187
9,ਬੱਲ,ਬੱਲ,Bal,58,195,300,36,589,Partap Singh Bajwa (INC),105
10,-DO-,ਬੱਲ,Bal,76,229,329,14,648,Partap Singh Bajwa (INC),100
11,ਸੰਘਰ,ਸੰਘਰ,Sanghar,95,144,467,24,730,Partap Singh Bajwa (INC),323
12,ਅਖਲਾਸਪੁਰ,ਅਖਲਾਸਪੁਰ,Akhlaspur,25,152,226,15,418,Partap Singh Bajwa (INC),74
13,ਸਿੰਘਪੁਰਾ,ਸਿੰਘਪੁਰਾ,Singhpura,129,283,188,31,631,Guriqbal Singh Mahal (SAD),95
14,ਬਦੇਸ਼ਾਂ,ਬਦੇਸ਼ਾਂ,Badesh,127,203,139,22,491,Guriqbal Singh Mahal (SAD),64
15,ਸੰਧਵਾਂ,ਸੰਧਵਾਂ,Sandhwan,49,238,126,27,440,Guriqbal Singh Mahal (SAD),112
16,ਕਲਿਆਣਪੁਰ,ਕਲਿਆਣਪੁਰ,Kalayanpur,164,127,138,169,598,Jagroop Singh Sekhwan (AAP),26
17,-DO-,ਕਲਿਆਣਪੁਰ,Kalyanpur,229,221,168,119,737,Jagroop Singh Sekhwan (AAP),8
18,ਗੁਰਦਾਸ ਨੰਗਲ,ਗੁਰਦਾਸ ਨੰਗਲ,Gurdas Nangal,202,161,269,17,649,Partap Singh Bajwa (INC),67
19,-DO-,ਗੁਰਦਾਸ ਨੰਗਲ,Gurdas Nangal,281,288,214,25,808,Guriqbal Singh Mahal (SAD),7
20,-DO-,ਗੁਰਦਾਸ ਨੰਗਲ,Gurdas Nangal,139,326,120,27,612,Guriqbal Singh Mahal (SAD),187
21,ਜਾਪੂਵਾਲ,ਜਾਪੂਵਾਲ,Japuwal,85,106,173,17,381,Partap Singh Bajwa (INC),67
22,ਧਾਰੀਵਾਲ,ਧਾਰੀਵਾਲ,Dhariwal,106,99,122,26,353,Partap Singh Bajwa (INC),16
23,ਸੋਹਲ,ਸੋਹਲ,Sohal,130,399,272,55,856,Guriqbal Singh Mahal (SAD),127
24,-DO-,ਸੋਹਲ,Sohal,223,327,183,39,772,Guriqbal Singh Mahal (SAD),104
25,-DO-,ਸੋਹਲ,Sohal,212,239,229,49,729,Guriqbal Singh Mahal (SAD),10
26,-DO-,ਸੋਹਲ,Sohal,232,241,163,41,677,Guriqbal Singh Mahal (SAD),9
27,ਮਹਾਂਦੇਵ ਕਲਾਂ,ਮਹਾਂਦੇਵ ਕਲਾਂ,Mahadev Kalan,111,146,91,20,368,Guriqbal Singh Mahal (SAD),35
28,ਪੀਰ ਦੀ ਸੈਨ,ਪੀਰ ਦੀ ਸੈਨ,Pir Di Sain,16,194,148,4,362,Guriqbal Singh Mahal (SAD),46
29,ਤਰੀਜਾ ਨਗਰ,ਤਰੀਜਾ ਨਗਰ,Trija Nagar,178,283,293,24,778,Partap Singh Bajwa (INC),10
30,ਰਣੀਆਂ,ਰਣੀਆਂ,Ranian,127,224,196,23,570,Guriqbal Singh Mahal (SAD),28
31,ਰਣੀਆਂ,ਰਣੀਆਂ,Ranian,200,170,146,25,541,Jagroop Singh Sekhwan (AAP),30
32,ਰਣੀਆ,ਰਣੀਆ,Rania,193,321,177,34,725,Guriqbal Singh Mahal (SAD),128
33,ਧਾਰੀਵਾਲ,ਧਾਰੀਵਾਲ,Dhariwal,177,300,244,53,774,Guriqbal Singh Mahal (SAD),56
34,-DO-,ਧਾਰੀਵਾਲ,Dhariwal,165,328,210,53,756,Guriqbal Singh Mahal (SAD),118
35,-DO-,ਧਾਰੀਵਾਲ,Dhariwal,193,253,157,37,640,Guriqbal Singh Mahal (SAD),60
36,-DO-,ਧਾਰੀਵਾਲ,Dhariwal,100,142,147,31,420,Partap Singh Bajwa (INC),5
37,-DO-,ਧਾਰੀਵਾਲ,Dhariwal,150,247,162,40,599,Guriqbal Singh Mahal (SAD),85
38,-DO-,ਧਾਰੀਵਾਲ,Dhariwal,154,228,244,28,654,Partap Singh Bajwa (INC),16
39,-DO-,ਧਾਰੀਵਾਲ,Dhariwal,61,64,63,15,203,Guriqbal Singh Mahal (SAD),1
40,-DO-,ਧਾਰੀਵਾਲ,Dhariwal,74,127,120,1,322,Guriqbal Singh Mahal (SAD),7
41,-DO-,ਧਾਰੀਵਾਲ,Dhariwal,221,139,159,20,539,Jagroop Singh Sekhwan (AAP),62
42,-DO-,ਧਾਰੀਵਾਲ,Dhariwal,306,213,240,25,784,Jagroop Singh Sekhwan (AAP),66
43,ਧਾਰੀਵਾਲ,ਧਾਰੀਵਾਲ,Dhariwal,146,216,180,58,600,Guriqbal Singh Mahal (SAD),36
44,-DO-,ਧਾਰੀਵਾਲ,Dhariwal,123,164,110,39,436,Guriqbal Singh Mahal (SAD),41
45,-DO-,ਧਾਰੀਵਾਲ,Dhariwal,212,283,220,30,745,Guriqbal Singh Mahal (SAD),63
46,-DO-,ਧਾਰੀਵਾਲ,Dhariwal,314,130,73,18,535,Jagroop Singh Sekhwan (AAP),184
47,-DO-,ਧਾਰੀਵਾਲ,Dhariwal,172,303,240,28,743,Guriqbal Singh Mahal (SAD),63
48,ਡੱਡਵਾਂ,ਡੱਡਵਾਂ,Dadwan,148,215,414,30,807,Partap Singh Bajwa (INC),199
49,-DO-,ਡੱਡਵਾਂ,Dadwan,224,147,367,23,761,Partap Singh Bajwa (INC),143
50,ਕੰਗ,ਕੰਗ,Kang,128,161,337,30,656,Partap Singh Bajwa (INC),176
51,-DO-,ਕੰਗ,Kang,138,100,324,24,586,Partap Singh Bajwa (INC),186
52,ਅਹਿਮਦਾਬਾਦ,ਅਹਿਮਦਾਬਾਦ,Ahmadabad,141,459,150,24,774,Guriqbal Singh Mahal (SAD),309
53,ਫਤਿਹ ਨੰਗਲ,ਫਤਿਹ ਨੰਗਲ,Fateh Nangal,257,167,350,27,801,Partap Singh Bajwa (INC),93
54,-DO-,ਫਤਿਹ ਨੰਗਲ,Fateh Nangal,261,236,327,33,857,Partap Singh Bajwa (INC),66
55,ਫੱਜੂਪੁਰਾ,ਫੱਜੂਪੁਰਾ,Fajjupura,232,258,219,20,729,Guriqbal Singh Mahal (SAD),26
56,-DO-,ਫੱਜੂਪੁਰਾ,Fajjupura,226,91,211,10,538,Jagroop Singh Sekhwan (AAP),15
57,ਫੱਜੂਪੁਰਾ,ਫੱਜੂਪੁਰਾ,Fajjupura,167,98,171,13,449,Partap Singh Bajwa (INC),4
58,ਸੁਜਾਨਪੁਰ,ਸੁਜਾਨਪੁਰ,Sujanpur,162,198,301,33,694,Partap Singh Bajwa (INC),103
59,ਖੁੰਡਾ,ਖੁੰਡਾ,Khunda,252,242,226,31,751,Jagroop Singh Sekhwan (AAP),10
60,-DO-,ਖੁੰਡਾ,Khunda,303,234,147,19,703,Jagroop Singh Sekhwan (AAP),69
61,ਖੁੰਡੀ,ਖੁੰਡੀ,Khundi,275,162,225,30,692,Jagroop Singh Sekhwan (AAP),50
62,ਲੇਹਲ,ਲੇਹਲ,Lehal,209,148,170,34,561,Jagroop Singh Sekhwan (AAP),39
63,-DO-,ਲੇਹਲ,Lehal,149,182,279,32,642,Partap Singh Bajwa (INC),97
64,-DO-,ਲੇਹਲ,Lehal,222,194,262,39,717,Partap Singh Bajwa (INC),40
65,ਬੜੋਏ,ਬੜੋਏ,Baroya,163,123,139,17,442,Jagroop Singh Sekhwan (AAP),24
66,ਜਫਰਵਾਲ,ਜਫਰਵਾਲ,Jafarwal,275,194,156,105,730,Jagroop Singh Sekhwan (AAP),81
67,-DO-,ਜਫਰਵਾਲ,Jafarwal,167,148,314,50,679,Partap Singh Bajwa (INC),147
68,-DO-,ਜਫਰਵਾਲ,Jafarwal,270,210,231,79,790,Jagroop Singh Sekhwan (AAP),39
69,ਸਿਧਵਾਂ,ਸਿਧਵਾਂ,Sidhwan,105,177,206,26,514,Partap Singh Bajwa (INC),29
70,ਮੱਲੀਆਂ ਫਕੀਰਾਂ,ਮੱਲੀਆਂ ਫਕੀਰਾਂ,Mallian Fakiran,47,184,238,27,496,Partap Singh Bajwa (INC),54
71,ਫੈਜ਼ੁੱਲਾ ਚੱਕ,ਫੈਜ਼ੁੱਲਾ ਚੱਕ,Faij Ulla Chak,152,256,276,20,704,Partap Singh Bajwa (INC),20
72,-DO-,ਫੈਜ਼ੁੱਲਾ ਚੱਕ,Faij Ulla Chak,72,127,137,35,371,Partap Singh Bajwa (INC),10
73,ਦੇਹਰੀਵਾਲ ਦਰੋਗਾ,ਦੇਹਰੀਵਾਲ ਦਰੋਗਾ,Dehriwal Daroga,316,364,196,66,942,Guriqbal Singh Mahal (SAD),48
74,-DO-,ਦੇਹਰੀਵਾਲ ਦਰੋਗਾ,Dehriwal Daroga,277,322,209,63,871,Guriqbal Singh Mahal (SAD),45
75,ਖਾਨ ਮਲਕ,ਖਾਨ ਮਲਕ,Khan Malak,70,92,107,19,288,Partap Singh Bajwa (INC),15
76,ਪਸਨਾਵਾਲਾ,ਪਸਨਾਵਾਲਾ,Pasnawala,239,225,314,28,806,Partap Singh Bajwa (INC),75
77,-DO-,ਪਸਨਾਵਾਲਾ,Pasnawala,177,154,85,30,446,Jagroop Singh Sekhwan (AAP),23
78,ਧਾਰੀਵਾਲ ਕਲਾਂ,ਧਾਰੀਵਾਲ ਕਲਾਂ,Dhariwal Kalan,78,130,130,29,367,Partap Singh Bajwa (INC),0
79,-DO-,ਧਾਰੀਵਾਲ ਕਲਾਂ,Dhariwal Kalan,201,225,303,48,777,Partap Singh Bajwa (INC),78
80,ਗਿੱਲ ਮੰਜ,ਗਿੱਲ ਮੰਜ,Gill Manj,233,190,160,57,640,Jagroop Singh Sekhwan (AAP),43
81,ਛੀਨਾ ਰੇਤਵਾਲਾ,ਛੀਨਾ ਰੇਤਵਾਲਾ,Chhina Retwala,144,104,145,52,445,Partap Singh Bajwa (INC),1
82,ਠਾਕਰ ਸੰਧੂ,ਠਾਕਰ ਸੰਧੂ,Thakar Sandhu,159,153,203,64,579,Partap Singh Bajwa (INC),44
83,-DO-,ਠੱਕਰ ਸੰਧੂ,Thakkar Sandhu,147,128,87,40,402,Jagroop Singh Sekhwan (AAP),19
84,ਕੱਲੂ ਸੋਹਲ,ਕੱਲੂ ਸੋਹਲ,Kallu Sohal,155,113,227,47,542,Partap Singh Bajwa (INC),72
85,ਜੋਗੀ ਚੀਮਾ,ਜੋਗੀ ਚੀਮਾ,Jogi Cheema,218,229,262,55,764,Partap Singh Bajwa (INC),33
86,ਮੱਲੀਆਂ,ਮੱਲੀਆਂ,Mallian,248,96,164,43,551,Jagroop Singh Sekhwan (AAP),84
87,ਬਲਾਗਣ,ਬਲਾਗਣ,Balagan,140,100,153,16,409,Partap Singh Bajwa (INC),13
88,ਕਾਲਾ ਬਾਲਾ,ਕਾਲਾ ਬਾਲਾ,Kala Bala,168,291,333,69,861,Partap Singh Bajwa (INC),42
89,ਕੋਟ ਯੋਗਰਾਜ,ਕੋਟ ਯੋਗਰਾਜ,Kot Yograj,79,137,247,44,507,Partap Singh Bajwa (INC),110
90,ਦੁਲੂਆਣਾ,ਦੁਲੂਆਣਾ,Duluaana,86,189,181,24,480,Guriqbal Singh Mahal (SAD),8
91,ਸਹਾਈਪੁਰ,ਸਹਾਈਪੁਰ,Sahaipur,163,213,165,63,604,Guriqbal Singh Mahal (SAD),48
92,ਭਿਖਾਰੀ ਹਾਰਨੀ,ਭਿਖਾਰੀ ਹਾਰਨੀ,Bhikhari Harni,101,195,365,36,697,Partap Singh Bajwa (INC),170
93,ਸਠਿਆਲੀ,ਸਠਿਆਲੀ,Sathiali,211,158,123,22,514,Jagroop Singh Sekhwan (AAP),53
94,-DO-,ਸਠਿਆਲੀ,Sathiali,141,131,99,25,396,Jagroop Singh Sekhwan (AAP),10
95,ਕਾਹਨੂੰਵਾਨ,ਕਾਹਨੂੰਵਾਨ,Kahnuwan,185,145,215,52,597,Partap Singh Bajwa (INC),30
96,-DO-,ਕਾਹਨੂੰਵਾਨ,Kahnuwan,173,161,202,24,560,Partap Singh Bajwa (INC),29
97,-DO-,ਕਾਹਨੂੰਵਾਨ,Kahnuwan,200,278,200,38,716,Guriqbal Singh Mahal (SAD),78
98,-DO-,ਕਾਹਨੂੰਵਾਨ,Kahnuwan,262,177,301,51,791,Partap Singh Bajwa (INC),39
99,ਕਾਹਨੂੰਵਾਨ,ਕਾਹਨੂੰਵਾਨ,Kahnuwan,182,165,186,29,562,Partap Singh Bajwa (INC),4
100,-DO-,ਕਾਹਨੂੰਵਾਨ,Kahnuwan,116,168,197,20,501,Partap Singh Bajwa (INC),29
101,-DO-,ਕਾਹਨੂੰਵਾਨ,Kahnuwan,168,260,361,61,850,Partap Singh Bajwa (INC),101
102,-DO-,ਕਾਹਨੂੰਵਾਨ,Kahnuwan,152,213,298,40,703,Partap Singh Bajwa (INC),85
103,ਛੌੜੀਆਂ ਬਾਂਗਰ,ਛੌੜੀਆਂ ਬਾਂਗਰ,Chhaurian Bangar,71,103,115,18,307,Partap Singh Bajwa (INC),12
104,ਕੋਟਲੀ ਸੈਣੀਆਂ,ਕੋਟਲੀ ਸੈਣੀਆਂ,Kotli Sainian,236,106,141,53,536,Jagroop Singh Sekhwan (AAP),95
105,-DO-,ਕੋਟਲੀ ਸੈਣੀਆਂ,Kotli Sainian,48,4,3,4,59,Jagroop Singh Sekhwan (AAP),44
106,ਸੈਦੋਵਾਲ ਖੁਰਦ,ਸੈਦੋਵਾਲ ਖੁਰਦ,Saidowal Khurd,118,142,113,56,429,Guriqbal Singh Mahal (SAD),24
107,ਭੈਣੀ ਕਾਨੀਆਂ,ਭੈਣੀ ਕਾਨੀਆਂ,Bhaini Kanian,172,121,152,45,490,Jagroop Singh Sekhwan (AAP),20
108,ਦਾਰਾਪੁਰ,ਦਾਰਾਪੁਰ,Darapur,125,345,395,45,910,Partap Singh Bajwa (INC),50
109,ਗੁਨੋਪੁਰ,ਗੁਨੋਪੁਰ,Gunopur,177,78,172,100,527,Jagroop Singh Sekhwan (AAP),5
110,ਗੁਨੋਪੁਰ,ਗੁਨੋਪੁਰ,Gunopur,152,127,192,144,615,Partap Singh Bajwa (INC),40
111,ਜਾਗੋਵਾਲ ਬੇਟ,ਜਾਗੋਵਾਲ ਬੇਟ,Jagowal Bet,209,192,179,24,604,Jagroop Singh Sekhwan (AAP),17
112,ਜਾਗੋਵਾਲ ਬੇਟ,ਜਾਗੋਵਾਲ ਬੇਟ,Jagowal Bet,91,138,257,20,506,Partap Singh Bajwa (INC),119
113,ਭੈਣੀ ਪਸਵਾਲ,ਭੈਣੀ ਪਸਵਾਲ,Bhaini Paswal,154,279,277,83,793,Guriqbal Singh Mahal (SAD),2
114,ਭੈਣੀ ਪਸਵਾਲ,ਭੈਣੀ ਪਸਵਾਲ,Bhaini Paswal,181,80,141,63,465,Jagroop Singh Sekhwan (AAP),40
115,ਕਿਸ਼ਨਪੁਰ,ਕਿਸ਼ਨਪੁਰ,Kishanpur,162,223,273,70,728,Partap Singh Bajwa (INC),50
116,ਮੁੰਨਣ ਕਲਾਂ,ਮੁੰਨਣ ਕਲਾਂ,Munnan Kalan,94,94,155,28,371,Partap Singh Bajwa (INC),61
117,ਬਾਜੜ,ਬਾਜੜ,Bajar,67,74,138,34,313,Partap Singh Bajwa (INC),64
118,ਭੂਰੀਆਂ ਸੈਣੀਆਂ,ਭੂਰੀਆਂ ਸੈਣੀਆਂ,Bhurian Sainia,192,107,297,47,643,Partap Singh Bajwa (INC),105
119,ਚੱਕ ਸ਼ਰੀਫ,ਚੱਕ ਸ਼ਰੀਫ,Chak Sharif,137,189,149,105,580,Guriqbal Singh Mahal (SAD),40
120,-DO-,ਚੱਕ ਸ਼ਰੀਫ,Chak Sharif,141,132,179,107,559,Partap Singh Bajwa (INC),38
121,ਕੋਟਲਾ ਗੁਜਰਾਂ,ਕੋਟਲਾ ਗੁਜਰਾਂ,Kotla Gujran,41,95,168,14,318,Partap Singh Bajwa (INC),73
122,ਸੱਲੋਪੁਰ,ਸੱਲੋਪੁਰ,Sallopur,159,141,238,98,636,Partap Singh Bajwa (INC),79
123,-DO-,ਸੱਲੋਪੁਰ,Sallopur,49,89,174,21,333,Partap Singh Bajwa (INC),85
124,ਕੋਟਲੀ ਰਲਵਾਂ,ਕੋਟਲੀ ਰਲਵਾਂ,Kotli Ralwan,81,66,122,2,271,Partap Singh Bajwa (INC),41
125,ਚੱਕ ਯਾਕੂਬ,ਚੱਕ ਯਾਕੂਬ,Chak Yaqub,112,116,225,21,474,Partap Singh Bajwa (INC),109
126,ਲੱਧੂਪੁਰ,ਲੱਧੂਪੁਰ,Ladhupur,368,128,168,41,705,Jagroop Singh Sekhwan (AAP),200
127,ਨੈਣੇਕੋਟ,ਨੈਣੇਕੋਟ,Nainekot,273,143,301,37,754,Partap Singh Bajwa (INC),28
128,ਢੇਸੀਆਂ,ਢੇਸੀਆਂ,Dhesian,97,104,171,17,389,Partap Singh Bajwa (INC),67
129,ਰਾਊਵਾਲ,ਰਾਊਵਾਲ,Rauwal,83,86,160,14,343,Partap Singh Bajwa (INC),74
130,ਨੀਮਾਣੇ,ਨੀਮਾਣੇ,Nimane,147,210,147,20,524,Guriqbal Singh Mahal (SAD),63
131,ਕੋਟ ਧੰਦਲ,ਕੋਟ ਧੰਦਲ,Kot Dhandal,178,210,214,66,668,Partap Singh Bajwa (INC),4
132,ਭਿਟੇਵੱਡ,ਭਿਟੇਵੱਡ,Bhite Wad,24,110,285,27,446,Partap Singh Bajwa (INC),175
133,ਕੋਟ ਟੋਡਰ ਮੱਲ,ਕੋਟ ਟੋਡਰ ਮੱਲ,Kot Todar Mall,132,216,193,19,560,Guriqbal Singh Mahal (SAD),23
134,-DO-,ਕੋਟ ਟੋਡਰ ਮੱਲ,Kot Todar Mall,113,161,180,34,488,Partap Singh Bajwa (INC),19
135,ਰੂੜ੍ਹਾ ਬੁੱਟਰ,ਰੂੜ੍ਹਾ ਬੁੱਟਰ,Rurha Buttar,125,191,238,31,585,Partap Singh Bajwa (INC),47
136,ਮਾਲੀਆ,ਮਾਲੀਆ,Malia,58,88,278,59,483,Partap Singh Bajwa (INC),190
137,ਖਾਰਾ,ਖਾਰਾ,Khara,70,206,238,30,544,Partap Singh Bajwa (INC),32
138,ਵੜੈਚ,ਵੜੈਚ,Waraich,193,228,266,59,746,Partap Singh Bajwa (INC),38
139,ਕਾਦੀਆਂ,ਕਾਦੀਆਂ,Qadian,184,158,141,30,513,Jagroop Singh Sekhwan (AAP),26
140,ਕਾਦੀਆਂ,ਕਾਦੀਆਂ,Qadian,122,211,256,16,605,Partap Singh Bajwa (INC),45
141,ਕਾਦੀਆਂ,ਕਾਦੀਆਂ,Qadian,163,195,221,15,594,Partap Singh Bajwa (INC),26
142,ਕਾਦੀਆਂ,ਕਾਦੀਆਂ,Qadian,253,249,180,21,703,Jagroop Singh Sekhwan (AAP),4
143,ਕਾਦੀਆਂ,ਕਾਦੀਆਂ,Qadian,161,152,138,20,471,Jagroop Singh Sekhwan (AAP),9
144,ਕਾਦੀਆਂ,ਕਾਦੀਆਂ,Qadian,268,52,496,9,825,Partap Singh Bajwa (INC),228
145,ਕਾਦੀਆਂ,ਕਾਦੀਆਂ,Qadian,120,354,169,20,663,Guriqbal Singh Mahal (SAD),185
146,ਕਾਦੀਆਂ,ਕਾਦੀਆਂ,Qadian,97,202,110,5,414,Guriqbal Singh Mahal (SAD),92
147,ਕਾਦੀਆਂ,ਕਾਦੀਆਂ,Qadian,131,111,176,16,434,Partap Singh Bajwa (INC),45
148,ਕਾਦੀਆਂ,ਕਾਦੀਆਂ,Qadian,156,137,185,22,500,Partap Singh Bajwa (INC),29
149,ਕਾਦੀਆਂ,ਕਾਦੀਆਂ,Qadian,123,317,346,13,799,Partap Singh Bajwa (INC),29
150,ਕਾਦੀਆਂ,ਕਾਦੀਆਂ,Qadian,238,234,290,16,778,Partap Singh Bajwa (INC),52
151,ਕਾਦੀਆਂ,ਕਾਦੀਆਂ,Qadian,222,234,346,38,840,Partap Singh Bajwa (INC),112
152,ਕਾਦੀਆਂ,ਕਾਦੀਆਂ,Qadian,242,185,334,35,796,Partap Singh Bajwa (INC),92
153,ਕਾਦੀਆਂ,ਕਾਦੀਆਂ,Qadian,183,211,250,17,661,Partap Singh Bajwa (INC),39
154,ਕਾਦੀਆਂ,ਕਾਦੀਆਂ,Qadian,154,106,413,19,692,Partap Singh Bajwa (INC),259
155,ਕਾਦੀਆਂ,ਕਾਦੀਆਂ,Qadian,258,129,379,26,792,Partap Singh Bajwa (INC),121
156,ਕਾਦੀਆਂ,ਕਾਦੀਆਂ,Qadian,204,199,200,29,632,Jagroop Singh Sekhwan (AAP),4
157,ਨਾਥਪੁਰ,ਨਾਥਪੁਰ,Nathpur,191,331,309,36,867,Guriqbal Singh Mahal (SAD),22
158,ਪੱਤੀ ਭਗਤੂਪੁਰ,ਪੱਤੀ ਭਗਤੂਪੁਰ,Patti Bhagtupur,248,99,131,6,484,Jagroop Singh Sekhwan (AAP),117
159,ਨੰਗਲ ਬਾਗ਼ਬਾਨਾਂ,ਨੰਗਲ ਬਾਗ਼ਬਾਨਾਂ,Nangal Bagbana,95,117,250,21,483,Partap Singh Bajwa (INC),133
160,ਛੋਟਾ ਨੰਗਲ,ਛੋਟਾ ਨੰਗਲ,Chota Nangal,60,111,134,7,312,Partap Singh Bajwa (INC),23
161,ਕਾਹਲਵਾਂ,ਕਾਹਲਵਾਂ,Kahalwan,63,233,447,42,785,Partap Singh Bajwa (INC),214
162,-DO-,ਕਾਹਲਵਾਂ,Kahalwan,182,164,197,41,584,Partap Singh Bajwa (INC),15
163,-DO-,ਕਾਹਲਵਾਂ,Kahalwan,124,140,156,22,442,Partap Singh Bajwa (INC),16
164,ਬਸਰਾਏ,ਬਸਰਾਏ,Basrai,260,206,289,22,777,Partap Singh Bajwa (INC),29
165,-DO-,ਬਸਰਾਏ,Basrai,121,238,173,60,592,Guriqbal Singh Mahal (SAD),65
166,-DO-,ਬਸਰਾਏ,Basrai,91,257,270,50,668,Partap Singh Bajwa (INC),13
167,ਭੈਣੀ ਬਾਂਗਰ,ਭੈਣੀ ਬਾਂਗਰ,Bhaini Bangar,236,87,103,17,443,Jagroop Singh Sekhwan (AAP),133
168,-DO-,ਭੈਣੀ ਬਾਂਗਰ,Bhaini Banger,164,128,118,30,440,Jagroop Singh Sekhwan (AAP),36
169,ਭੰਗਵਾਂ,ਭੰਗਵਾਂ,Bhangwan,151,245,257,40,693,Partap Singh Bajwa (INC),12
170,ਸਲਾਹਪੁਰ,ਸਲਾਹਪੁਰ,Salahpur,181,273,328,44,826,Partap Singh Bajwa (INC),55
171,ਪੰਡੋਰੀ ਮਈਆਂ ਸਿੰਘ,ਪੰਡੋਰੀ ਮਈਆਂ ਸਿੰਘ,Pandori Maiya Singh,62,317,204,11,594,Guriqbal Singh Mahal (SAD),113
172,ਕੁੰਟ,ਕੁੰਟ,Kunt,106,239,222,50,617,Guriqbal Singh Mahal (SAD),17
173,ਘੋਟ ਖੁਰਦ,ਘੋਟ ਖੁਰਦ,Ghot Khurd,56,178,195,9,438,Partap Singh Bajwa (INC),17
174,ਹੰਬੋਵਾਲ,ਹੰਬੋਵਾਲ,Hambowal,160,140,226,45,571,Partap Singh Bajwa (INC),66
175,ਛਿੱਬ,ਛਿੱਬ,Chibb,90,153,283,26,552,Partap Singh Bajwa (INC),130
176,ਭੱਠੀਆਂ,ਭੱਠੀਆਂ,Bhattian,188,203,184,29,604,Guriqbal Singh Mahal (SAD),15
177,-DO-,ਭੱਠੀਆਂ,Bhattian,143,176,225,29,573,Partap Singh Bajwa (INC),49
178,ਜਾਗੋਵਾਲ ਬਾਂਗਰ,ਜਾਗੋਵਾਲ ਬਾਂਗਰ,Jagowal Bangar,121,150,375,45,691,Partap Singh Bajwa (INC),225
179,ਕੀੜੀ ਅਫਗਾਨਾ,ਕੀੜੀ ਅਫਗਾਨਾ,Kiri Afgana,123,185,176,38,522,Guriqbal Singh Mahal (SAD),9
180,ਕੋਟਲੀ ਹਰਚੰਦਾ,ਕੋਟਲੀ ਹਰਚੰਦਾ,Kotli Harchanda,84,131,185,18,418,Partap Singh Bajwa (INC),54
181,-DO-,ਕੋਟਲੀ ਹਰਚੰਦਾ,Kotli Harchanda,123,133,116,26,398,Guriqbal Singh Mahal (SAD),10
182,ਘੂਕਲਾ,ਘੂਕਲਾ,Ghookla,66,76,79,17,238,Partap Singh Bajwa (INC),3
183,ਜਲਾਲਪੁਰ,ਜਲਾਲਪੁਰ,Jalalpur,87,131,310,21,549,Partap Singh Bajwa (INC),179
184,ਬਗੋਲ,ਬਗੋਲ,Bagol,172,295,226,35,728,Guriqbal Singh Mahal (SAD),69
185,ਲਖਣਪੁਰ,ਲਖਣਪੁਰ,Lakhanpur,111,128,177,27,443,Partap Singh Bajwa (INC),49
186,ਤੁਗਲਵਾਲਾ,ਤੁਗਲਵਾਲਾ,Tugalwala,134,252,195,67,648,Guriqbal Singh Mahal (SAD),57
187,-DO-,ਤੁਗਲਵਾਲਾ,Tugalwala,243,249,174,42,708,Guriqbal Singh Mahal (SAD),6
188,-DO-,ਤੁਗਲਵਾਲ,Tugalwal,117,300,162,28,607,Guriqbal Singh Mahal (SAD),138
189,ਸ਼ੀਂਹ ਭੱਟੀ,ਸ਼ੀਂਹ ਭੱਟੀ,Shih Bhatti,61,90,160,59,370,Partap Singh Bajwa (INC),70
190,-DO-,ਸ਼ੀਂਹ ਭੱਟੀ,Shihn Bhatti,204,136,156,42,538,Jagroop Singh Sekhwan (AAP),48
191,ਬੇਰੀ,ਬੇਰੀ,Beri,153,176,140,45,514,Guriqbal Singh Mahal (SAD),23
192,-DO-,ਬੇਰੀ,Beri,138,259,87,40,524,Guriqbal Singh Mahal (SAD),121
193,ਠਾਕਰਵਾਲ,ਠਾਕਰਵਾਲ,Thakarwal,32,102,97,46,277,Guriqbal Singh Mahal (SAD),5
194,ਸੁੰਚ,ਸੁੰਚ,Sunch,73,158,155,11,397,Guriqbal Singh Mahal (SAD),3
195,ਦਤਾਰਪੁਰ,ਦਤਾਰਪੁਰ,Datarpur,138,202,218,35,593,Partap Singh Bajwa (INC),16
196,ਕੋਟ ਖਾਨ ਮੁਹੰਮਦ,ਕੋਟ ਖਾਨ ਮੁਹੰਮਦ,Kot Khan Mohammad,123,191,308,52,674,Partap Singh Bajwa (INC),117
197,ਫੇਰੋ ਚੇਚੀ,ਫੇਰੋ ਚੇਚੀ,Phero Chechi,129,222,335,28,714,Partap Singh Bajwa (INC),113
198,ਜਿੰਦੜ,ਜਿੰਦੜ,Jindarh,231,126,251,49,657,Partap Singh Bajwa (INC),20
199,ਘੋੜੇਵਾਹ,ਘੋੜੇਵਾਹ,Ghorhewah,117,166,293,42,618,Partap Singh Bajwa (INC),127
200,ਗੋਰਸੀਆਂ,ਗੋਰਸੀਆਂ,Gorsian,97,131,184,40,452,Partap Singh Bajwa (INC),53
201,ਨਾਨੋਵਾਲ ਖੁਰਦ,ਨਾਨੋਵਾਲ ਖੁਰਦ,Nanowal Khurd,198,192,195,50,635,Jagroop Singh Sekhwan (AAP),3
202,ਮਹਿੜੇ,ਮਹਿੜੇ,Mehrhe,175,112,96,37,420,Jagroop Singh Sekhwan (AAP),63
203,ਭੈਣੀ ਮੀਆਂ ਖਾਂ,ਭੈਣੀ ਮੀਆਂ ਖਾਂ,Bhaini Mian Khan,286,170,384,25,865,Partap Singh Bajwa (INC),98
204,-DO-,ਭੈਣੀ ਮੀਆਂ ਖਾਂ,Bhaini Mian Khan,263,225,317,47,852,Partap Singh Bajwa (INC),54
205,ਝੰਡਾ ਲੁਬਾਣਾ,ਝੰਡਾ ਲੁਬਾਣਾ,Jhanda Lubana,243,128,195,47,613,Jagroop Singh Sekhwan (AAP),48
206,-DO-,ਝੰਡਾ ਲੁਬਾਣਾ,Jhanda Lubana,144,116,209,41,510,Partap Singh Bajwa (INC),65
207,ਬਲਵੰਡਾ,ਬਲਵੰਡਾ,Balwanda,129,117,308,27,581,Partap Singh Bajwa (INC),179
208,ਛਿੱਛਰਾ,ਛਿੱਛਰਾ,Chhichra,42,235,240,33,550,Partap Singh Bajwa (INC),5
209,ਰਾਜੂ ਬੇਲਾ,ਰਾਜੂ ਬੇਲਾ,Rajubela,49,273,496,46,864,Partap Singh Bajwa (INC),223
210,ਆਲਮਾ,ਆਲਮਾ,Aalma,129,69,380,41,619,Partap Singh Bajwa (INC),251
211,ਅਵਾਣ,ਅਵਾਣ,Awan,106,229,271,42,648,Partap Singh Bajwa (INC),42
212,ਮੋਚਪੁਰ,ਮੋਚਪੁਰ,Mochpur,105,222,450,38,815,Partap Singh Bajwa (INC),228
213,ਨਵੀਆਂ ਬਾਗੜੀਆਂ,ਨਵੀਆਂ ਬਾਗੜੀਆਂ,Nawian Bagrhian,187,257,326,45,815,Partap Singh Bajwa (INC),69
214,ਬਾਗੜੀਆ,ਬਾਗੜੀਆ,Bagrhia,162,181,183,68,594,Partap Singh Bajwa (INC),2
215,-DO-,ਬਾਗੜੀਆ,Bagrhia,185,119,236,46,586,Partap Singh Bajwa (INC),51
216,ਰਾਜਪੁਰਾ,ਰਾਜਪੁਰਾ,Rajpura,145,102,70,15,332,Jagroop Singh Sekhwan (AAP),43
217,ਭੈਣੀ ਖਾਦਰ,ਭੈਣੀ ਖਾਦਰ,Bhaini Khadar,85,162,199,17,463,Partap Singh Bajwa (INC),37
218,ਮੁਲਾਂਵਾਲ,ਮੁਲਾਂਵਾਲ,Mulanwal,214,316,143,34,707,Guriqbal Singh Mahal (SAD),102
219,ਪਸਵਾਲ,ਪਸਵਾਲ,Paswal,25,124,140,13,302,Partap Singh Bajwa (INC),16
220,ਫੱਤੂ ਬਰਕਤ,ਫੱਤੂ ਬਰਕਤ,Fattu Barkat,91,326,152,45,614,Guriqbal Singh Mahal (SAD),174
221,ਨੂੰਨ,ਨੂੰਨ,Noon,101,191,176,17,485,Guriqbal Singh Mahal (SAD),15
222,ਮੁੰਨਣ,ਮੁੰਨਣ,Munnan,34,214,258,17,523,Partap Singh Bajwa (INC),44
223,ਫੁੱਲੜਾ,ਫੁੱਲੜਾ,Phulrha,40,182,255,28,505,Partap Singh Bajwa (INC),73
