Booth No,Village / Polling Station (Punjabi),Polling Station Name (English),Amansher Singh Shery Kalsi (AAP),Sukhjinder Singh Randhawa (INC),Dr. Daljit Singh Cheema (SAD),Dinesh Singh Babbu (BJP),Gurinder Singh Bajwa (SAD-A),Baaki (Other Candidates),NOTA,Total Votes Polled,Leading Candidate,Lead Margin
1,ਜੋਗੇਵਾਲ ਜੱਟਾਂ,Jogewal Jattan,272,62,101,26,15,28,1,505,Amansher Singh Shery Kalsi (AAP),171
2,ਛੋਟੇਪੁਰ,Chhotepur,276,129,169,3,12,24,5,618,Amansher Singh Shery Kalsi (AAP),107
3,ਆਲੋਵਾਲ,Allowal,178,135,63,13,6,28,2,425,Amansher Singh Shery Kalsi (AAP),43
4,ਆਲੋਵਾਲ,Allowal,179,166,20,5,11,14,2,397,Amansher Singh Shery Kalsi (AAP),13
5,ਕੋਟ ਸੰਤੋਖ ਰਾਏ,Kot Santokh Rai,212,194,73,55,4,50,1,589,Amansher Singh Shery Kalsi (AAP),18
6,ਕੋਟ ਸੰਤੋਖ ਰਾਏ,Kot Santokh Rai,187,215,94,23,29,14,0,562,Sukhjinder Singh Randhawa (INC),28
7,ਖੇਹ ਤਿੱਖਾ + ਚੱਕ ਘਰੋਏ,Kheh Tikha + Chakk Gharoye,171,246,132,10,45,19,3,626,Sukhjinder Singh Randhawa (INC),75
8,ਚੱਕ ਦੀਪੇਵਾਲ + ਦੇਵੀਦਾਸਪੁਰ,Chakk Deepewal + Devidaspur,133,280,72,6,20,23,0,534,Sukhjinder Singh Randhawa (INC),147
9,ਬੱਲ,Bal,152,245,118,20,4,35,3,577,Sukhjinder Singh Randhawa (INC),93
10,ਬੱਲ,Bal,229,142,123,24,6,35,3,562,Amansher Singh Shery Kalsi (AAP),87
11,ਸੰਘਰ,Sanghar,128,509,22,12,9,36,4,720,Sukhjinder Singh Randhawa (INC),381
12,ਅਖਲਾਸਪੁਰ,Akhlaspur,97,159,19,120,0,13,1,409,Sukhjinder Singh Randhawa (INC),39
13,ਸਿੰਘਪੁਰਾ,Singhpura,196,120,142,4,96,41,5,604,Amansher Singh Shery Kalsi (AAP),54
14,ਬਦੇਸ਼ਾਂ,Badesh,117,166,87,9,51,21,2,453,Sukhjinder Singh Randhawa (INC),49
15,ਸੰਧਵਾਂ,Sandhwan,172,160,54,3,24,13,0,426,Amansher Singh Shery Kalsi (AAP),12
16,ਕਲਿਆਨਪੁਰ,Kalyanpur,146,228,52,19,25,71,1,542,Sukhjinder Singh Randhawa (INC),82
17,ਕਲਿਆਨਪੁਰ,Kalyanpur,180,297,98,18,38,113,5,749,Sukhjinder Singh Randhawa (INC),117
18,ਗੁਰਦਾਸ ਨੰਗਲ + ਬੜੀਆਵਾਲਾ,Gurdas Nangal + Badiyawala,217,244,36,23,9,23,4,556,Sukhjinder Singh Randhawa (INC),27
19,ਗੁਰਦਾਸ ਨੰਗਲ + ਬੜੀਆਵਾਲਾ,Gurdas Nangal + Badiyawala,236,295,38,37,32,37,1,676,Sukhjinder Singh Randhawa (INC),59
20,ਗੁਰਦਾਸ ਨੰਗਲ + ਬੜੀਆਵਾਲਾ,Gurdas Nangal + Badiyawala,172,193,65,28,25,13,2,498,Sukhjinder Singh Randhawa (INC),21
21,ਜਾਪੂਵਾਲ,Japuwal,81,170,47,47,1,3,0,349,Sukhjinder Singh Randhawa (INC),89
22,ਧਾਰੀਵਾਲ,Dhariwal,181,84,12,14,19,17,0,327,Amansher Singh Shery Kalsi (AAP),97
23,ਸੋਹਲ,Sohal,172,332,141,19,26,45,3,738,Sukhjinder Singh Randhawa (INC),160
24,ਸੋਹਲ,Sohal,121,237,154,34,32,46,3,627,Sukhjinder Singh Randhawa (INC),83
25,ਸੋਹਲ,Sohal,150,269,131,37,33,26,2,648,Sukhjinder Singh Randhawa (INC),119
26,ਸੋਹਲ,Sohal,126,235,124,11,23,44,2,565,Sukhjinder Singh Randhawa (INC),109
27,ਮਹਾਂਦੇਵ ਕਲਾਂ,Mahandev Kalan,122,110,48,4,37,13,1,335,Amansher Singh Shery Kalsi (AAP),12
28,ਪੀਰ ਦੀ ਸੈਨ,Pir Di Sain,203,140,4,1,4,10,0,362,Amansher Singh Shery Kalsi (AAP),63
29,ਤਰੀਜਾ ਨੰਗਰ + ਰਣੀਆ,Trija Nagar + Rania,251,316,62,44,3,52,4,732,Sukhjinder Singh Randhawa (INC),65
30,ਰਣੀਆਂ,Rania,170,291,18,12,9,59,1,560,Sukhjinder Singh Randhawa (INC),121
31,ਰਣੀਆ,Rania,179,257,20,27,16,35,3,537,Sukhjinder Singh Randhawa (INC),78
32,ਰਣੀਆ,Rania,246,306,48,34,39,38,2,713,Sukhjinder Singh Randhawa (INC),60
33,ਧਾਰੀਵਾਲ,Dhariwal,175,141,5,390,2,28,2,743,Dinesh Singh Babbu (BJP),215
34,ਧਾਰੀਵਾਲ,Dhariwal,205,107,12,400,3,17,6,750,Dinesh Singh Babbu (BJP),195
35,ਧਾਰੀਵਾਲ,Dhariwal,157,134,17,237,14,16,1,576,Dinesh Singh Babbu (BJP),80
36,ਧਾਰੀਵਾਲ,Dhariwal,97,84,14,193,1,8,1,398,Dinesh Singh Babbu (BJP),96
37,ਧਾਰੀਵਾਲ,Dhariwal,94,99,5,332,1,13,3,547,Dinesh Singh Babbu (BJP),233
38,ਧਾਰੀਵਾਲ,Dhariwal,255,167,13,115,3,14,2,569,Amansher Singh Shery Kalsi (AAP),88
39,ਧਾਰੀਵਾਲ,Dhariwal,29,115,0,55,2,4,0,205,Sukhjinder Singh Randhawa (INC),60
40,ਧਾਰੀਵਾਲ,Dhariwal,60,163,12,21,1,19,1,277,Sukhjinder Singh Randhawa (INC),103
41,ਧਾਰੀਵਾਲ,Dhariwal,181,133,23,75,13,20,1,446,Amansher Singh Shery Kalsi (AAP),48
42,ਧਾਰੀਵਾਲ,Dhariwal,224,283,62,106,7,31,3,716,Sukhjinder Singh Randhawa (INC),59
43,ਧਾਰੀਵਾਲ,Dhariwal,115,149,21,229,4,31,1,550,Dinesh Singh Babbu (BJP),80
44,ਧਾਰੀਵਾਲ,Dhariwal,74,80,4,245,1,18,2,424,Dinesh Singh Babbu (BJP),165
45,ਧਾਰੀਵਾਲ,Dhariwal,144,175,78,334,1,34,4,770,Dinesh Singh Babbu (BJP),159
46,ਧਾਰੀਵਾਲ,Dhariwal,194,117,17,111,22,10,1,472,Amansher Singh Shery Kalsi (AAP),77
47,ਧਾਰੀਵਾਲ,Dhariwal,202,238,135,129,3,47,0,754,Sukhjinder Singh Randhawa (INC),36
48,ਡੱਡਵਾਂ,Daddwan,305,249,42,43,9,42,0,690,Amansher Singh Shery Kalsi (AAP),56
49,ਡੱਡਵਾਂ,Daddwan,229,236,23,105,22,26,4,645,Sukhjinder Singh Randhawa (INC),7
50,ਕੰਗ,Kang,297,158,84,15,26,26,2,608,Amansher Singh Shery Kalsi (AAP),139
51,ਕੰਗ,Kang,270,158,25,63,3,40,1,560,Amansher Singh Shery Kalsi (AAP),112
52,ਅਹਿਮਦਾਬਾਦ,Ahmedabad,231,167,260,33,15,36,3,745,Dr. Daljit Singh Cheema (SAD),29
53,ਫਤਿਹ ਨੰਗਲ,Fateh Nangal,325,308,27,21,6,40,5,732,Amansher Singh Shery Kalsi (AAP),17
54,ਫਤਿਹ ਨੰਗਲ,Fateh Nangal,299,233,32,65,33,45,6,713,Amansher Singh Shery Kalsi (AAP),66
55,ਫੱਜੂਪੁਰਾ,Fajju Pura,200,242,115,89,8,8,1,663,Sukhjinder Singh Randhawa (INC),42
56,ਫੱਜੂਪੁਰਾ,Fajju Pura,154,249,25,46,4,23,0,501,Sukhjinder Singh Randhawa (INC),95
57,ਫੱਜੂਪੁਰਾ,Fajju Pura,109,219,18,41,10,14,4,415,Sukhjinder Singh Randhawa (INC),110
58,"ਸੁਜਾਨਪੁਰ, ਮਾਲੀ ਸਮਰਾਏ","Sujanpur, Maali Samrai",197,193,165,17,10,52,4,638,Amansher Singh Shery Kalsi (AAP),4
59,ਖੁੰਡਾ,Khunda,290,266,52,23,2,45,4,682,Amansher Singh Shery Kalsi (AAP),24
60,ਖੁੰਡਾ,Khunda,287,215,31,30,17,21,1,602,Amansher Singh Shery Kalsi (AAP),72
61,ਖੁੰਡੀ,Khundi,365,191,28,15,26,34,4,663,Amansher Singh Shery Kalsi (AAP),174
62,ਲੇਹਲ,Lehal,195,171,19,63,6,26,3,483,Amansher Singh Shery Kalsi (AAP),24
63,ਲੇਹਲ,Lehal,235,263,32,27,11,31,5,604,Sukhjinder Singh Randhawa (INC),28
64,ਲੇਹਲ,Lehal,247,220,44,69,6,33,2,621,Amansher Singh Shery Kalsi (AAP),27
65,ਬੜੋਏ,Badoye,190,111,23,22,44,16,0,406,Amansher Singh Shery Kalsi (AAP),79
66,ਜਫਰਵਾਲ,Jafarwal,261,164,101,12,58,23,1,620,Amansher Singh Shery Kalsi (AAP),97
67,ਜਫਰਵਾਲ,Jafarwal,212,196,66,14,41,43,1,573,Amansher Singh Shery Kalsi (AAP),16
68,ਜਫਰਵਾਲ,Jafarwal,156,216,89,17,69,21,2,570,Sukhjinder Singh Randhawa (INC),60
69,ਸਿਧਵਾਂ,Sidhwan,135,177,140,9,8,12,2,483,Sukhjinder Singh Randhawa (INC),37
70,ਮੱਲੀਆਂ ਫਕੀਰਾਂ,Mallian Fakiran,156,165,72,7,15,20,3,438,Sukhjinder Singh Randhawa (INC),9
71,ਫੈਜੁੱਲਾ ਚੱਕ,Faizulla Chak,104,260,190,10,16,43,2,625,Sukhjinder Singh Randhawa (INC),70
72,ਫੈਜੁੱਲਾ ਚੱਕ,Faizulla Chak,123,70,104,3,26,4,0,330,Amansher Singh Shery Kalsi (AAP),19
73,ਡੇਹਰੀਵਾਲ ਦਰੋਗਾ,Dehriwal Daroga,360,227,93,29,32,48,2,791,Amansher Singh Shery Kalsi (AAP),133
74,ਡੇਹਰੀਵਾਲ ਦਰੋਗਾ,Dehriwal Daroga,267,223,183,6,27,24,1,731,Amansher Singh Shery Kalsi (AAP),44
75,ਖਾਨ ਮੱਲਕ,Khan Mallak,69,97,56,3,19,4,0,248,Sukhjinder Singh Randhawa (INC),28
76,ਪਸਨਾਵਾਲ,Pasnawal,254,361,57,11,19,47,3,752,Sukhjinder Singh Randhawa (INC),107
77,ਪਸਨਾਵਾਲ,Pasnawal,160,97,94,7,12,25,0,395,Amansher Singh Shery Kalsi (AAP),63
78,ਧਾਰੀਵਾਲ ਕਲਾਂ,Dhariwal Kalan,160,139,120,5,31,10,2,467,Amansher Singh Shery Kalsi (AAP),21
79,ਧਾਰੀਵਾਲ ਕਲਾਂ,Dhariwal Kalan,185,203,74,2,8,28,3,503,Sukhjinder Singh Randhawa (INC),18
80,ਗਿਲ ਮੰਝ,Gill Manj,190,205,99,9,33,30,1,567,Sukhjinder Singh Randhawa (INC),15
81,ਛੀਨਾ ਰੇਤ ਵਾਲਾ,Chhina Retwala,210,189,14,3,10,12,1,439,Amansher Singh Shery Kalsi (AAP),21
82,ਠੱਕਰ ਸੰਧੂ,Thakkar Sandhu,118,345,50,8,38,15,1,575,Sukhjinder Singh Randhawa (INC),227
83,ਠੱਕਰ ਸੰਧੂ,Thakkar Sandhu,101,112,62,2,38,10,1,326,Sukhjinder Singh Randhawa (INC),11
84,ਕੱਲੂ ਸੋਹਲ,Kallu Sohal,125,247,59,3,14,28,3,479,Sukhjinder Singh Randhawa (INC),122
85,ਜੋਗੀ ਚੀਮਾ + ਚਮਿਆਰੀ,Jogi Cheema + Chamiyari,309,212,87,19,21,29,1,678,Amansher Singh Shery Kalsi (AAP),97
86,ਮੱਲੀਆਂ,Mallian,235,200,48,4,33,21,1,542,Amansher Singh Shery Kalsi (AAP),35
87,ਬਲੱਗਣ,Balaggan,121,188,45,2,12,3,1,372,Sukhjinder Singh Randhawa (INC),67
88,ਕਾਲਾ ਬਾਲਾ,Kala Bala,158,374,156,9,46,29,2,774,Sukhjinder Singh Randhawa (INC),216
89,ਕੋਟ ਯੋਗਰਾਜ,Kot Yograj,77,268,65,20,30,16,1,477,Sukhjinder Singh Randhawa (INC),191
90,ਦੁਲੂਆਣਾ,Duluana,236,111,82,5,5,15,1,455,Amansher Singh Shery Kalsi (AAP),125
91,"ਸਹਾਈਪੁਰ, ਲੰਗਰਕੋਟ, ਹਵੇਲੀ ਹਾਰਨੀ","Sahaipur, Langarkot, Haveli Harni",283,163,67,15,14,28,2,572,Amansher Singh Shery Kalsi (AAP),120
92,"ਭਿਖਾਰੀ ਹਾਰਨੀ, ਸੈਦਪੁਰ ਹਾਰਨੀ, ਭੋਰੇ ਹਾਰਨੀ","Bhikari Harni, Saidpur Harni, Bhore Harni",145,303,130,10,10,26,0,624,Sukhjinder Singh Randhawa (INC),158
93,ਸਠਿਆਲੀ,Sathiali,124,316,24,8,10,18,0,500,Sukhjinder Singh Randhawa (INC),192
94,ਸਠਿਆਲੀ,Sathiali,153,111,63,19,28,4,0,378,Amansher Singh Shery Kalsi (AAP),42
95,ਕਾਹਨੂੰਵਾਨ,Kahnuwan,214,189,28,29,58,9,1,528,Amansher Singh Shery Kalsi (AAP),25
96,ਕਾਹਨੂੰਵਾਨ,Kahnuwan,148,140,14,188,11,9,0,510,Dinesh Singh Babbu (BJP),40
97,ਕਾਹਨੂੰਵਾਨ,Kahnuwan,175,187,54,141,54,23,3,637,Sukhjinder Singh Randhawa (INC),12
98,ਕਾਹਨੂੰਵਾਨ,Kahnuwan,145,81,8,527,19,14,0,794,Dinesh Singh Babbu (BJP),382
99,ਕਾਹਨੂੰਵਾਨ,Kahnuwan,106,47,7,363,7,12,2,544,Dinesh Singh Babbu (BJP),257
100,ਕਾਹਨੂੰਵਾਨ,Kahnuwan,142,169,23,55,19,30,1,439,Sukhjinder Singh Randhawa (INC),27
101,ਕਾਹਨੂੰਵਾਨ,Kahnuwan,227,247,71,82,21,40,6,694,Sukhjinder Singh Randhawa (INC),20
102,ਕਾਹਨੂੰਵਾਨ,Kahnuwan,199,180,59,49,44,33,2,566,Amansher Singh Shery Kalsi (AAP),19
103,ਛੋੜੀਆ ਬਾਂਗਰ,Chhorian Bangar,116,105,20,8,11,8,0,268,Amansher Singh Shery Kalsi (AAP),11
104,ਕੋਟਲੀ ਸਿਆਣੀਆਂ,Kotli Siania,250,133,19,8,58,16,0,484,Amansher Singh Shery Kalsi (AAP),117
105,ਕੋਟਲੀ ਸਿਆਣੀਆਂ,Kotli Siania,0,0,0,0,0,0,0,0,Sukhjinder Singh Randhawa (INC),0
106,ਸੈਦੋਵਾਲ ਖੁਰਦ,Saidowal Khurd,186,221,112,6,88,11,1,625,Sukhjinder Singh Randhawa (INC),35
107,"ਸੈਦੋਵਾਲ ਖੁਰਦ, ਭੈਣੀ ਕਾਨੀਆਂ, ਚੱਕ ਅਬਦੁਲ","Saidowal Khurd, Bhaini Kaniya, Chakk Abdul",29,67,10,115,1,12,1,235,Dinesh Singh Babbu (BJP),48
108,"ਦਾਰਾਪੁਰ, ਜੰਗਲ","Darapur, Jangal",306,280,80,102,30,27,1,826,Amansher Singh Shery Kalsi (AAP),26
109,"ਗੁਲੇਪੁਰ, ਗਾਰਗੜੀਆਂ","Gulepur, Gargarian",118,207,73,5,76,14,2,495,Sukhjinder Singh Randhawa (INC),89
110,ਗੁਲੇਪੁਰ,Gulepur,85,293,52,5,126,8,1,570,Sukhjinder Singh Randhawa (INC),167
111,ਜਾਗੋਵਾਲ ਬੇਟ,Jagowal Bet,235,101,172,42,24,20,2,596,Amansher Singh Shery Kalsi (AAP),63
112,"ਜਾਗੋਵਾਲ ਬੇਟ, ਜਾਤੀ ਸਰਾਏ, ਭੂਰੀਆ ਗੁਜਰਾਂ","Jagowal Bet, Jaati Sarai, Bhuriya Gujran",124,152,66,37,25,26,3,433,Sukhjinder Singh Randhawa (INC),28
113,ਭੈਣੀ ਪਸਵਾਲ,Bhaini Paswal,260,193,89,3,98,34,1,678,Amansher Singh Shery Kalsi (AAP),67
114,"ਭੈਣੀ ਪਸਵਾਲ, ਰੰਧਾਵਾ ਕਲੋਨੀ","Bhaini Paswal, Randhawa Colony",168,87,41,7,86,11,0,400,Amansher Singh Shery Kalsi (AAP),81
115,"ਕਿਸ਼ਨਪੁਰ, ਕਠਾਣਾ, ਯੋਧੇ","Kishanpur, Kathana, Yodhe",373,214,21,10,27,21,0,666,Amansher Singh Shery Kalsi (AAP),159
116,ਮੰਨਣ ਕਲਾਂ,Munan Kalan,224,81,34,4,9,13,3,368,Amansher Singh Shery Kalsi (AAP),143
117,ਬੁਜਾੜ,Bujarh,98,96,9,8,56,13,0,280,Amansher Singh Shery Kalsi (AAP),2
118,"ਬਰੂਹੀਆ ਮੋਲੀਆਂ, ਪੀਰੋ ਨੰਗਲ, ਸਰਵਰਪੁਰ, ਭੁਲੜੀਪੁਰ, ਭੂਮ","Baruhia Molian, Piro Nangal, Sarwarpur, Bhulripur, Bhum",141,258,80,25,41,10,2,557,Sukhjinder Singh Randhawa (INC),117
119,ਚੱਕ ਸਰੀਫ,Chak Sharif,274,133,65,15,30,22,3,542,Amansher Singh Shery Kalsi (AAP),141
120,ਚੱਕ ਸਰੀਫ,Chak Sharif,238,156,32,29,19,18,2,494,Amansher Singh Shery Kalsi (AAP),82
121,"ਕੋਟਲਾ ਗੁਜਰਾਂ, ਝੰਡਾ ਗੁਜਰਾਂ","Kotla Gujran, Jhanda Gujran",79,53,6,171,3,10,0,322,Dinesh Singh Babbu (BJP),92
122,ਸੱਲੋਪੁਰ,Sallopur,160,242,68,6,28,14,3,521,Sukhjinder Singh Randhawa (INC),82
123,ਸੱਲੋਪੁਰ,Sallopur,150,121,37,9,10,13,0,340,Amansher Singh Shery Kalsi (AAP),29
124,ਕੋਟਲੀ ਗਰਲਵਾਂ,Kotli Garhwan,69,69,12,115,0,3,0,268,Dinesh Singh Babbu (BJP),46
125,ਚੱਕ ਯਾਕੂਬ,Chak Yakub,164,162,33,45,35,11,1,451,Amansher Singh Shery Kalsi (AAP),2
126,ਲਾਧੂਪੁਰ,Ladhupur,388,163,47,8,23,12,1,642,Amansher Singh Shery Kalsi (AAP),225
127,ਨੈਨੇਕੋਟ,Nainekot,200,298,19,5,161,22,1,706,Sukhjinder Singh Randhawa (INC),98
128,ਢੇਸੀਆਂ,Dhesian,121,165,31,11,36,7,0,371,Sukhjinder Singh Randhawa (INC),44
129,ਰਾਓਵਾਲ,Raowal,171,137,18,3,8,9,1,347,Amansher Singh Shery Kalsi (AAP),34
130,ਨਿਮਾਣੇ,Nimane,246,142,59,2,15,14,0,478,Amansher Singh Shery Kalsi (AAP),104
131,ਕੋਟ ਧੰਦਲ,Kot Dhandal,204,182,116,3,45,26,2,578,Amansher Singh Shery Kalsi (AAP),22
132,ਭਿਟੇਵੱਡ,Bhittewadd,31,325,27,1,19,5,0,408,Sukhjinder Singh Randhawa (INC),294
133,ਕੋਟ ਟੋਡਰ ਮੱਲ,Kot Todar Mal,160,219,126,15,6,21,3,550,Sukhjinder Singh Randhawa (INC),59
134,ਕੋਟ ਟੋਡਰ ਮੱਲ,Kot Todar Mal,104,209,90,8,28,4,0,443,Sukhjinder Singh Randhawa (INC),105
135,ਰੂੜਾ ਬੁੱਟਰ,Rooda Buttar,228,131,141,6,7,23,3,539,Amansher Singh Shery Kalsi (AAP),87
136,ਮਾਲੀਆਂ,Malian,175,236,35,4,17,2,2,471,Sukhjinder Singh Randhawa (INC),61
137,ਖਾਰਾ,Khara,134,162,93,6,52,16,0,463,Sukhjinder Singh Randhawa (INC),28
138,ਵੜੈਚ,Waraich,298,274,78,6,19,34,5,714,Amansher Singh Shery Kalsi (AAP),24
139,ਕਾਦੀਆਂ ਵਾਰਡ ਨੰ. 4,Qadian Ward No. 4,118,150,72,22,21,13,3,399,Sukhjinder Singh Randhawa (INC),32
140,ਕਾਦੀਆਂ ਵਾਰਡ ਨੰ. 2,Qadian Ward No. 2,106,250,68,128,3,22,3,580,Sukhjinder Singh Randhawa (INC),122
141,ਕਾਦੀਆਂ ਵਾਰਡ ਨੰ. 2,Qadian Ward No. 2,175,188,67,76,4,37,1,548,Sukhjinder Singh Randhawa (INC),13
142,ਕਾਦੀਆਂ ਵਾਰਡ ਨੰ. 1,Qadian Ward No. 1,252,132,115,89,12,27,1,628,Amansher Singh Shery Kalsi (AAP),120
143,ਕਾਦੀਆਂ ਵਾਰਡ ਨੰ. 7,Qadian Ward No. 7,85,80,110,157,4,5,2,443,Dinesh Singh Babbu (BJP),47
144,ਕਾਦੀਆਂ ਵਾਰਡ ਨੰ. 8,Qadian Ward No. 8,700,78,15,13,1,8,0,815,Amansher Singh Shery Kalsi (AAP),622
145,ਕਾਦੀਆਂ ਸਿਵਲ ਲਾਈਨ,Qadian Civil Lines,258,96,156,23,3,14,1,551,Amansher Singh Shery Kalsi (AAP),102
146,ਕਾਦੀਆਂ ਵਾਰਡ ਨੰ. 6,Qadian Ward No. 6,99,71,54,121,6,12,3,366,Dinesh Singh Babbu (BJP),22
147,ਕਾਦੀਆਂ ਵਾਰਡ ਨੰ. 5,Qadian Ward No. 5,80,193,27,93,4,6,4,407,Sukhjinder Singh Randhawa (INC),100
148,ਕਾਦੀਆਂ ਵਾਰਡ ਨੰ. 5,Qadian Ward No. 5,113,185,54,61,10,20,2,445,Sukhjinder Singh Randhawa (INC),72
149,ਕਾਦੀਆਂ ਵਾਰਡ ਨੰ. 11,Qadian Ward No. 11,205,261,65,154,4,27,1,717,Sukhjinder Singh Randhawa (INC),56
150,ਕਾਦੀਆਂ ਵਾਰਡ ਨੰ. 10,Qadian Ward No. 10,238,204,66,178,10,23,2,721,Amansher Singh Shery Kalsi (AAP),34
151,ਕਾਦੀਆਂ ਵਾਰਡ ਨੰ. 12,Qadian Ward No. 12,212,167,57,265,14,7,4,726,Dinesh Singh Babbu (BJP),53
152,ਕਾਦੀਆਂ ਵਾਰਡ ਨੰ. 9,Qadian Ward No. 9,117,151,30,413,3,20,2,736,Dinesh Singh Babbu (BJP),262
153,ਕਾਦੀਆਂ ਵਾਰਡ ਨੰ. 13,Qadian Ward No. 13,113,130,96,237,15,12,2,605,Dinesh Singh Babbu (BJP),107
154,ਕਾਦੀਆਂ ਵਾਰਡ ਨੰ. 15,Qadian Ward No. 15,90,290,98,114,2,7,0,601,Sukhjinder Singh Randhawa (INC),176
155,ਕਾਦੀਆਂ ਵਾਰਡ ਨੰ. 14,Qadian Ward No. 14,222,200,47,224,11,15,3,722,Dinesh Singh Babbu (BJP),2
156,ਕਾਦੀਆਂ ਵਾਰਡ ਨੰ. 3,Qadian Ward No. 3,201,195,80,43,10,26,2,557,Amansher Singh Shery Kalsi (AAP),6
157,ਨਾਥਪੁਰ,Nathpur,224,309,210,38,19,49,7,856,Sukhjinder Singh Randhawa (INC),85
158,ਭਗਤਪੁਰਾ ਰੱਥਵਾਲਾ,Bhagatpura Rathwala,135,191,62,35,6,12,2,443,Sukhjinder Singh Randhawa (INC),56
159,ਨੰਗਲ ਬਾਗਬਾਨਾ,Nangal Baghbana,273,98,45,2,8,12,0,438,Amansher Singh Shery Kalsi (AAP),175
160,ਛੋਟਾ ਨੰਗਲ,Chhota Nangal,120,113,78,7,3,19,2,342,Amansher Singh Shery Kalsi (AAP),7
161,ਕਾਹਲਵਾਂ,Kahlwan,143,386,124,9,2,50,7,721,Sukhjinder Singh Randhawa (INC),243
162,ਕਾਹਲਵਾਂ,Kahlwan,171,188,53,5,12,19,4,452,Sukhjinder Singh Randhawa (INC),17
163,ਕਾਹਲਵਾਂ,Kahlwan,88,110,74,1,27,19,1,320,Sukhjinder Singh Randhawa (INC),22
164,ਬਸਰਈ,Basrai,232,285,102,15,5,35,10,684,Sukhjinder Singh Randhawa (INC),53
165,ਬਸਰਈ,Basrai,100,174,138,4,21,17,4,458,Sukhjinder Singh Randhawa (INC),36
166,ਬਸਰਈ,Basrai,69,303,169,17,14,36,3,611,Sukhjinder Singh Randhawa (INC),134
167,ਡੈਲੀ ਬਾਂਗਰ,Daili Bangar,227,62,100,15,4,33,1,442,Amansher Singh Shery Kalsi (AAP),127
168,ਡੈਲੀ ਬਾਂਗਰ,Daili Bangar,179,87,108,11,16,22,1,424,Amansher Singh Shery Kalsi (AAP),71
169,ਭੰਗਵਾਂ,Bhangwan,178,182,211,10,38,27,1,647,Dr. Daljit Singh Cheema (SAD),29
170,ਸਲਾਰਪੁਰ,Salarpur,147,322,108,14,45,38,2,676,Sukhjinder Singh Randhawa (INC),175
171,ਚੰਡੋਗੀ ਮਈਆਂ ਸਿੰਘ,Chandogi Mayian Singh,175,160,178,2,2,18,0,535,Dr. Daljit Singh Cheema (SAD),3
172,ਕੂੰਟ,Kunt,179,263,72,6,19,40,1,580,Sukhjinder Singh Randhawa (INC),84
173,ਗੋਹਤ ਖੁਰਦ,Ghot Khurd,114,145,53,104,1,6,1,424,Sukhjinder Singh Randhawa (INC),31
174,ਹੰਬੋਵਾਲ,Hambowal,199,161,94,8,33,22,0,517,Amansher Singh Shery Kalsi (AAP),38
175,ਛਿੱਬ,Chib,52,67,8,355,3,32,0,517,Dinesh Singh Babbu (BJP),288
176,ਭੱਟੀਆਂ,Bhattian,160,178,45,60,39,26,5,513,Sukhjinder Singh Randhawa (INC),18
177,ਭੱਟੀਆਂ,Bhattian,245,187,24,7,15,45,0,523,Amansher Singh Shery Kalsi (AAP),58
178,ਜਾਂਗੋਵਾਲ ਬਾਂਗਰ,Jangowal Bangar,161,329,42,8,60,28,2,630,Sukhjinder Singh Randhawa (INC),168
179,ਕੀੜੀ ਅਫਗਾਨਾ,Kiri Afghana,163,141,50,41,19,25,2,441,Amansher Singh Shery Kalsi (AAP),22
180,ਕੋਟਲੀ ਹਰਚੰਦਾ,Kotli Harchanda,37,69,0,296,3,13,0,418,Dinesh Singh Babbu (BJP),227
181,ਕੋਟਲੀ ਹਰਚੰਦਾ,Kotli Harchanda,97,120,63,32,25,5,1,343,Sukhjinder Singh Randhawa (INC),23
182,ਘੁੱਕਲਾਂ,Ghukkan,34,18,37,138,0,5,0,232,Dinesh Singh Babbu (BJP),101
183,ਜਲਾਲਪੁਰ,Jalalpur,185,197,8,127,5,21,3,546,Sukhjinder Singh Randhawa (INC),12
184,ਬਗੋਲ,Bagol,190,97,32,325,5,10,0,659,Dinesh Singh Babbu (BJP),135
185,ਲਖਣਪੁਰ,Lakhanpur,68,163,102,14,21,10,1,379,Sukhjinder Singh Randhawa (INC),61
186,ਤੁਗਲਵਾਲ,Tugalwal,132,166,153,7,39,29,1,527,Sukhjinder Singh Randhawa (INC),13
187,ਤੁਗਲਵਾਲ,Tugalwal,218,170,131,31,15,24,2,591,Amansher Singh Shery Kalsi (AAP),48
188,ਤੁਗਲਵਾਲ,Tugalwal,141,169,138,32,18,30,0,528,Sukhjinder Singh Randhawa (INC),28
189,ਸੀਂਹ ਭੱਟੀ,Seeh Bhatti,79,145,54,2,21,11,0,312,Sukhjinder Singh Randhawa (INC),66
190,ਸੀਂਹ ਭੱਟੀ,Seeh Bhatti,151,130,125,30,16,15,3,470,Amansher Singh Shery Kalsi (AAP),21
191,ਬੇਰੀ,Beri,177,90,128,9,32,30,1,467,Amansher Singh Shery Kalsi (AAP),49
192,ਬੇਰੀ,Beri,136,103,137,13,21,24,3,437,Dr. Daljit Singh Cheema (SAD),1
193,ਠੱਕਰਵਾਲ,Thakkarwal,32,99,66,1,40,4,1,243,Sukhjinder Singh Randhawa (INC),33
194,ਸੂਚ,Sooch,114,132,127,0,11,18,0,402,Sukhjinder Singh Randhawa (INC),5
195,"ਦਤਾਰਪੁਰ, ਭੋਚਨਾ","Datarpur, Bhochna",183,103,73,168,3,29,1,560,Amansher Singh Shery Kalsi (AAP),15
196,ਕੋਟ ਖਾਨ ਮੁਹੰਮਦ,Kot Khan Mohammad,170,186,38,162,22,14,0,592,Sukhjinder Singh Randhawa (INC),16
197,ਫੇਰੋਚੇਚੀ,Ferochechi,219,315,71,34,2,18,0,659,Sukhjinder Singh Randhawa (INC),96
198,ਜੀਂਦੜ,Jeendarh,137,247,87,5,47,18,5,546,Sukhjinder Singh Randhawa (INC),110
199,ਘੋੜੇਵਾਹ,Ghorewah,117,215,169,16,21,5,2,545,Sukhjinder Singh Randhawa (INC),46
200,ਗੋਰਸੀਆਂ,Gorsian,121,153,95,1,26,15,0,411,Sukhjinder Singh Randhawa (INC),32
201,ਨਾਨੋਵਾਲ ਖੁਰਦ,Nanowal Khurd,189,188,77,5,53,13,0,525,Amansher Singh Shery Kalsi (AAP),1
202,ਮੈਹੜੇ,Mehrey,119,117,38,37,34,8,1,354,Amansher Singh Shery Kalsi (AAP),2
203,ਭੈਣੀ ਮੀਆਂ ਖਾਂ,Bhaini Mian Khan,310,173,59,194,11,38,3,788,Amansher Singh Shery Kalsi (AAP),116
204,ਭੈਣੀ ਮੀਆਂ ਖਾਂ,Bhaini Mian Khan,192,217,132,149,30,15,1,736,Sukhjinder Singh Randhawa (INC),25
205,ਝੰਡਾ ਲੁਬਾਣਾ,Jhanda Lubana,238,194,80,6,14,12,3,547,Amansher Singh Shery Kalsi (AAP),44
206,ਝੰਡਾ ਲੁਬਾਣਾ,Jhanda Lubana,184,200,32,5,6,15,0,442,Sukhjinder Singh Randhawa (INC),16
207,ਧਾਂਦੋਈ,Dhandoi,127,191,30,136,8,7,0,499,Sukhjinder Singh Randhawa (INC),55
208,ਛਿੱਛੜਾ,Chhichhda,184,213,69,2,44,14,1,527,Sukhjinder Singh Randhawa (INC),29
209,ਰਾਜੂ ਬੇਲਾ,Raju Bela,316,353,44,8,24,19,1,765,Sukhjinder Singh Randhawa (INC),37
210,ਆਲਮਾ,Alma,60,240,38,190,36,14,1,579,Sukhjinder Singh Randhawa (INC),50
211,"ਅਵਾਣ, ਸਲਾਰਪੁਰ, ਬਿਸਨਪੁਰ, ਕਿਸਾਨਾ, ਧੋਰੇ ਕਲੀਆਂ, ਕੋਟਲੀ ਗੁਜਰਾਂ","Awan, Salarpur, Bishanpur, Kisana, Dhore Kalian, Kotli Gujran",181,235,51,4,75,39,3,588,Sukhjinder Singh Randhawa (INC),54
212,ਮੋਚਪੁਰ,Mochpur,213,556,26,15,1,36,6,853,Sukhjinder Singh Randhawa (INC),343
213,"ਨਵੀਆਂ ਬਗੜੀਆਂ, ਮਿਠਾ","Navian Bagrian, Mitha",198,279,86,22,26,24,2,637,Sukhjinder Singh Randhawa (INC),81
214,ਬਾਗੜੀਆਂ,Bagrian,132,140,69,141,7,11,0,500,Dinesh Singh Babbu (BJP),1
215,ਬਾਗੜੀਆਂ,Bagrian,181,237,67,12,17,15,0,529,Sukhjinder Singh Randhawa (INC),56
216,ਰਾਜਪੁਰਾ,Rajpura,115,132,65,7,6,2,1,328,Sukhjinder Singh Randhawa (INC),17
217,ਭੈਣੀ ਖਾਦਰ,Bhaini Khadar,89,230,67,33,18,3,0,440,Sukhjinder Singh Randhawa (INC),141
218,ਮੁੱਲਾਂਵਾਲ,Mullanwal,124,277,178,16,17,23,1,636,Sukhjinder Singh Randhawa (INC),99
219,ਪਸਵਾਲ,Paswal,106,132,26,11,1,8,1,285,Sukhjinder Singh Randhawa (INC),26
220,ਫੱਤੂ ਬਰਕਤ,Fattu Barkat,104,248,38,152,13,18,3,576,Sukhjinder Singh Randhawa (INC),96
221,ਨੂੰਨ,Noon,155,95,93,116,2,8,2,471,Amansher Singh Shery Kalsi (AAP),39
222,"ਮੁੰਨਣ, ਘੁੱਲਾ ਥਾਥਾ","Munnan, Ghulla Thatha",91,227,123,5,24,10,0,480,Sukhjinder Singh Randhawa (INC),104
223,ਫੁੱਲੜਾ,Phulrha,57,171,206,6,5,19,0,464,Dr. Daljit Singh Cheema (SAD),35
